"date","close","volume","open","high","low"

"2019/09/06","128.2100","6758329.0000","128.8800","129.2300","128.0700"
"2019/09/05","128.5800","4754074.0000","129.9000","129.9000","128.3100"
"2019/09/04","128.8600","4821460.0000","129.4900","129.5900","128.0800"
"2019/09/03","128.7400","5710249.0000","127.9900","128.9800","127.5100"
"2019/08/30","128.3600","7371134.0000","128.2700","129.1000","127.6200"
"2019/08/29","128.2400","6750113.0000","128.8400","129.2000","126.8300"
"2019/08/28","128.6800","9885221.0000","127.8600","128.8700","127.0100"
"2019/08/27","129.6400","20186780.0000","129.8800","132.4000","129.1000"
"2019/08/26","127.8000","8916621.0000","127.4200","128.0800","126.6300"
"2019/08/23","127.7300","15714750.0000","131.0700","131.2600","127.1300"
"2019/08/22","131.2700","7213567.0000","131.6000","132.1300","130.8007"
"2019/08/21","131.5300","6914009.0000","131.7000","132.4100","130.8500"
"2019/08/20","130.6000","7302016.0000","131.9600","132.6600","130.4600"
"2019/08/19","132.2500","4958004.0000","132.5000","132.5700","131.8200"
"2019/08/16","131.3600","5858866.0000","131.4700","131.6700","130.5950"
"2019/08/15","130.5400","7251225.0000","130.1700","131.0700","129.2500"
"2019/08/14","130.2600","7736420.0000","132.5300","132.5400","130.1300"
"2019/08/13","133.4200","5101835.0000","132.3000","134.1000","132.0000"
"2019/08/12","131.9300","6852115.0000","131.5000","132.7000","131.2900"
"2019/08/09","132.0400","4677327.0000","131.8000","132.7600","131.2300"
"2019/08/08","131.6800","5260533.0000","130.9800","131.9450","130.2300"
"2019/08/07","130.2100","6771743.0000","129.3600","130.9050","128.1900"
"2019/08/06","130.7700","7880567.0000","130.3400","131.2200","129.5900"
"2019/08/05","130.1600","9480016.0000","130.9100","131.4600","129.0100"
"2019/08/02","131.0700","6574944.0000","130.8600","131.4700","129.7701"
"2019/08/01","130.2900","7870738.0000","130.2600","130.7400","129.0200"
"2019/07/31","130.2200","8559201.0000","131.6400","132.0000","130.1800"
"2019/07/30","132.0800","5509621.0000","132.4700","132.4900","131.2700"
"2019/07/29","133.0200","7831982.0000","131.0000","133.3100","130.2100"
"2019/07/26","130.7300","4894714.0000","131.3000","131.3000","130.4900"
"2019/07/25","131.1200","8897902.0000","130.0600","131.5300","129.6700"
"2019/07/24","129.7800","6838620.0000","128.8800","129.7900","128.5700"
"2019/07/23","128.8400","5803625.0000","128.6100","129.4500","128.1550"
"2019/07/22","128.6400","12625510.0000","130.0000","130.1500","127.8400"
"2019/07/19","130.3100","8340239.0000","132.2500","132.3900","130.1900"
"2019/07/18","132.0700","6203739.0000","132.1300","132.5100","131.1700"
"2019/07/17","131.8600","8862093.0000","132.4900","133.5800","131.4100"
"2019/07/16","132.5000","10214540.0000","132.9300","133.8300","131.7500"
"2019/07/15","134.7100","10038220.0000","135.3900","136.3600","134.4500"
"2019/07/12","134.3000","17780110.0000","140.1200","140.1200","132.3200"
"2019/07/11","140.1100","5817412.0000","140.9400","141.2100","139.0200"
"2019/07/10","141.2100","4874373.0000","141.7800","141.9900","140.6700"
"2019/07/09","141.4100","4217453.0000","141.4600","142.4700","140.9100"
"2019/07/08","140.9700","4078372.0000","140.1200","141.0800","139.6350"
"2019/07/05","140.5700","4652419.0000","141.7400","141.8637","140.3700"
"2019/07/03","142.1400","3436339.0000","141.0000","142.1800","140.7900"
"2019/07/02","140.0300","4501207.0000","139.2200","140.0300","138.6900"
"2019/07/01","139.3600","5875080.0000","140.2000","140.2600","138.7200"
"2019/06/28","139.2800","12792460.0000","140.7400","141.1000","138.5050"
"2019/06/27","140.6900","5233481.0000","142.2300","142.5000","140.6050"
"2019/06/26","141.8500","7674128.0000","143.8500","143.8500","140.7600"
"2019/06/25","144.2400","7517135.0000","143.2700","144.9800","143.1900"
"2019/06/24","143.0600","5894683.0000","142.4200","143.7000","142.0900"
"2019/06/21","142.0900","11272210.0000","141.4600","142.4250","141.0100"
"2019/06/20","142.2100","7335833.0000","141.2500","142.4000","141.0000"
"2019/06/19","140.4500","6393620.0000","140.0100","140.9700","139.9100"
"2019/06/18","140.2300","7122711.0000","140.5600","140.9300","139.7900"
"2019/06/17","139.4400","5562791.0000","140.0000","140.2400","139.2100"
"2019/06/14","140.0900","6548166.0000","141.2300","141.4850","140.0400"
"2019/06/13","140.7100","7500807.0000","141.7200","141.9500","140.2100"
"2019/06/12","141.6800","9216636.0000","140.3000","142.9100","140.3000"
"2019/06/11","139.7800","8230527.0000","139.6800","140.6600","139.5000"
"2019/06/10","139.0200","4994790.0000","138.6000","139.1500","137.6000"
"2019/06/07","138.5500","6533960.0000","137.5900","139.5900","137.1400"
"2019/06/06","136.6800","9115846.0000","134.9000","137.6600","134.5900"
"2019/06/05","134.3800","6860551.0000","134.7000","135.1300","133.8600"
"2019/06/04","133.7300","6649100.0000","132.6000","134.3000","132.5800"
"2019/06/03","131.4400","8434761.0000","131.5000","132.4000","131.0400"
"2019/05/31","131.1500","7810987.0000","131.5200","132.0000","129.6100"
"2019/05/30","132.1100","7361016.0000","131.4400","132.8200","131.1700"
"2019/05/29","131.3300","23247410.0000","135.8900","135.8900","128.5200"
"2019/05/28","137.0700","11919580.0000","139.0000","140.4900","137.0000"
"2019/05/24","138.8500","5473499.0000","139.5000","139.5000","138.5600"
"2019/05/23","139.7900","6951797.0000","138.5000","139.8500","137.6700"
"2019/05/22","138.7600","5456839.0000","138.3500","138.9500","137.4850"
"2019/05/21","138.1200","4859048.0000","139.1200","139.5700","138.0800"
"2019/05/20","138.4200","4771127.0000","138.6100","138.9600","137.6800"
"2019/05/17","138.6100","6915286.0000","137.0000","139.0300","136.8600"
"2019/05/16","138.2100","6857180.0000","137.3900","139.1929","136.9700"
"2019/05/15","136.9100","6429352.0000","136.9000","137.4900","135.3300"
"2019/05/14","136.8200","7179438.0000","137.0400","137.8400","136.7300"
"2019/05/13","137.2000","5560421.0000","137.8500","138.0600","136.5302"
"2019/05/10","139.0500","4771626.0000","138.4300","139.2500","136.4100"
"2019/05/09","138.7300","5604201.0000","138.9500","139.3200","137.6400"
"2019/05/08","139.7900","4667257.0000","140.2000","140.9200","139.7000"
"2019/05/07","139.9700","6606664.0000","140.8200","141.3800","139.0600"
"2019/05/06","142.0900","5818880.0000","140.2500","142.2400","139.9300"
"2019/05/03","142.0100","5281630.0000","141.2900","142.0900","141.0800"
"2019/05/02","141.2800","8835587.0000","141.9100","142.1500","140.1200"
"2019/05/01","141.9500","6656335.0000","140.9500","142.3500","139.7500"
"2019/04/30","141.2000","5993418.0000","140.1900","141.4500","138.9599"
"2019/04/29","139.8400","4214567.0000","140.3500","140.4300","139.5800"
"2019/04/26","140.3900","4364653.0000","139.8800","140.5240","139.3100"
"2019/04/25","139.6500","5044214.0000","138.5200","139.7700","137.9600"
"2019/04/24","139.2000","5666841.0000","139.6500","140.1400","138.8607"
"2019/04/23","139.9000","5761125.0000","137.4200","140.8500","137.2500"
"2019/04/22","137.8300","4433795.0000","136.9800","138.4900","136.4575"
"2019/04/18","137.5200","10477560.0000","139.3500","140.2400","135.7500"
"2019/04/17","138.5200","9477638.0000","139.0000","140.1458","137.6700"
"2019/04/16","138.0200","10745650.0000","138.3200","140.7000","137.5600"
"2019/04/15","136.5200","5038056.0000","136.0000","136.7900","135.8000"
"2019/04/12","135.9800","5704494.0000","135.2200","136.3500","134.7500"
"2019/04/11","135.2100","4485058.0000","135.9600","136.1800","134.4200"
"2019/04/10","135.5800","3988460.0000","135.8900","136.1300","135.3300"
"2019/04/09","135.5700","5194452.0000","136.0000","136.2600","134.5600"
"2019/04/08","136.1400","4329575.0000","136.0500","136.5100","135.7000"
"2019/04/05","136.1800","4643231.0000","136.0400","136.5800","135.7000"
"2019/04/04","135.5700","5844556.0000","136.8700","137.0050","135.1300"
"2019/04/03","137.1700","5945714.0000","138.2000","138.2400","136.8700"
"2019/04/02","137.7100","5128936.0000","139.0100","139.0100","136.9100"
"2019/04/01","138.9800","5372503.0000","139.9900","140.2900","138.7350"
"2019/03/29","139.7900","7087185.0000","139.2800","139.8800","138.8800"
"2019/03/28","138.8800","4486248.0000","139.0600","139.4600","138.7100"
"2019/03/27","138.7000","6708470.0000","138.5900","139.4800","138.0700"
"2019/03/26","138.5700","4758601.0000","136.9300","139.2700","136.9300"
"2019/03/25","136.6100","4500291.0000","136.9100","137.0100","135.7400"
"2019/03/22","136.9100","6525925.0000","137.7500","138.3900","136.8600"
"2019/03/21","138.1000","5764916.0000","137.0000","138.7800","136.9500"
"2019/03/20","137.2900","5409839.0000","138.3300","138.5100","136.6500"
"2019/03/19","138.4400","5717594.0000","137.6100","138.8200","137.4700"
"2019/03/18","137.1700","6995326.0000","137.6500","137.7800","136.7200"
"2019/03/15","137.6000","11922510.0000","138.0000","138.2600","136.8300"
"2019/03/14","138.0200","8488611.0000","138.3400","138.8000","137.9400"
"2019/03/13","139.4100","6166512.0000","139.5900","139.8400","139.0200"
"2019/03/12","139.1800","5552794.0000","138.6500","140.0000","138.5000"
"2019/03/11","138.5600","6149884.0000","138.1100","139.0300","137.5200"
"2019/03/08","138.0600","7046679.0000","138.0900","139.3000","136.4200"
"2019/03/07","138.2400","6098258.0000","138.5300","139.1200","137.7000"
"2019/03/06","139.0900","6233386.0000","139.4700","139.6500","138.6000"
"2019/03/05","138.7700","6420178.0000","138.8100","139.1400","138.3600"
"2019/03/04","138.4800","8361996.0000","138.8500","139.4100","137.5100"
"2019/03/01","138.3500","5534214.0000","137.2200","138.6100","137.0100"
"2019/02/28","136.6400","10090530.0000","135.9500","137.9549","135.6900"
"2019/02/27","135.8700","4378013.0000","135.5200","136.2500","135.3900"
"2019/02/26","136.1100","5106308.0000","136.4400","136.9600","136.0500"
"2019/02/25","136.2000","6846220.0000","136.3500","137.4900","135.8600"
"2019/02/22","136.6000","5222557.0000","135.2900","136.6400","134.8200"
"2019/02/21","135.4200","6475773.0000","134.9800","135.7875","134.2688"
"2019/02/20","136.3500","5677567.0000","135.9700","136.7300","135.7251"
"2019/02/19","135.6900","5854777.0000","136.1400","136.3800","135.6300"
"2019/02/15","136.3800","6660029.0000","135.1900","136.4100","135.0100"
"2019/02/14","134.3100","3910400.0000","134.3000","134.8200","133.3500"
"2019/02/13","134.4500","7727235.0000","134.0700","134.9800","133.2100"
"2019/02/12","134.1600","6237991.0000","132.0800","134.3000","132.0800"
"2019/02/11","132.0000","4962197.0000","132.3100","132.6700","131.2600"
"2019/02/08","132.4000","4436608.0000","131.9500","132.4600","131.5400"
"2019/02/07","132.0500","6082234.0000","132.4500","132.6400","131.5300"
"2019/02/06","133.0000","5065673.0000","133.0800","133.5650","132.3000"
"2019/02/05","132.8800","6364450.0000","133.5200","133.8800","132.7500"
"2019/02/04","132.8800","7728385.0000","133.9600","134.1500","132.2100"
"2019/02/01","134.2000","9485474.0000","134.0200","134.6900","133.4700"
"2019/01/31","133.0800","17259950.0000","131.6300","135.1900","130.8700"
"2019/01/30","131.6400","7200648.0000","130.3700","132.1900","130.3000"
"2019/01/29","130.3300","6593286.0000","128.9500","130.4700","128.5000"
"2019/01/28","128.9900","6886728.0000","127.8100","129.1500","127.2900"
"2019/01/25","128.2300","7585115.0000","128.1300","128.4500","127.1800"
"2019/01/24","127.0300","9913640.0000","128.4900","128.7000","125.0000"
"2019/01/23","128.8000","9230022.0000","128.5000","129.3000","127.9300"
"2019/01/22","128.8000","10543790.0000","128.2000","129.5009","127.0100"
"2019/01/18","130.6900","10584780.0000","129.9000","131.1800","129.4500"
"2019/01/17","129.0900","7457899.0000","127.7100","129.5200","127.4628"
"2019/01/16","128.0400","6194415.0000","129.4100","129.4100","127.9000"
"2019/01/15","129.3600","5149230.0000","128.5200","129.4900","127.6500"
"2019/01/14","128.2800","7362039.0000","128.7400","128.9600","127.5898"
"2019/01/11","129.7500","5296821.0000","129.0000","129.8400","128.3100"
"2019/01/10","129.7100","6217193.0000","127.6900","129.8900","127.6900"
"2019/01/09","128.9300","7400359.0000","129.8300","130.2400","128.3300"
"2019/01/08","129.9600","9198666.0000","128.1800","130.5000","127.7300"
"2019/01/07","127.0100","8381321.0000","127.6300","128.3491","126.7970"
"2019/01/04","127.8300","8746471.0000","127.1200","128.6500","126.7300"
"2019/01/03","125.7200","8597698.0000","128.1350","128.2700","125.3600"
"2019/01/02","127.7500","6985739.0000","128.1300","128.3800","126.2800"
"2018/12/31","129.0500","6964740.0000","128.1800","129.5500","127.4200"
"2018/12/28","127.2700","6301850.0000","127.9100","128.7500","126.7500"
"2018/12/27","127.4100","9848557.0000","125.8700","127.4100","123.0700"
"2018/12/26","126.7100","9236009.0000","123.4200","126.7600","122.0071"
"2018/12/24","122.8400","7531885.0000","127.3000","128.0000","121.0000"
"2018/12/21","128.0900","19631160.0000","127.8000","130.6000","127.1200"
"2018/12/20","128.2700","16094130.0000","127.7200","129.7500","126.7600"
"2018/12/19","127.6100","21220840.0000","129.8700","131.3500","127.0900"
"2018/12/18","130.4200","23589620.0000","132.0500","132.8000","129.2000"
"2018/12/17","129.1400","36854740.0000","128.3200","131.6500","126.8300"
"2018/12/14","133.0000","58124730.0000","144.3400","145.3800","130.2000"
"2018/12/13","147.8400","5983317.0000","146.9600","148.5899","146.8000"
"2018/12/12","147.1000","8869173.0000","147.0000","148.4900","147.0000"
"2018/12/11","146.5000","8272025.0000","146.2900","148.2100","145.7900"
"2018/12/10","145.2600","6828853.0000","145.3900","145.8800","142.3800"
"2018/12/07","145.4300","9299936.0000","145.4900","147.3367","144.1200"
"2018/12/06","145.9100","11229670.0000","144.5000","146.4500","142.7900"
"2018/12/04","146.0300","9455653.0000","146.3200","148.9900","145.8200"
"2018/12/03","146.2100","8670766.0000","145.5700","146.6300","144.9400"
"2018/11/30","146.9000","12513380.0000","145.3400","147.0000","145.1000"
"2018/11/29","145.8500","6764979.0000","145.6200","147.2000","144.8400"
"2018/11/28","146.4400","8262289.0000","143.8300","146.5600","143.3600"
"2018/11/27","143.2200","5961075.0000","140.5700","143.3500","139.6600"
"2018/11/26","141.3700","7565570.0000","142.0000","142.0500","140.7150"
"2018/11/23","142.2300","3404882.0000","141.8500","142.7300","141.6000"
"2018/11/21","141.9900","10275090.0000","146.2300","146.2300","140.7800"
"2018/11/20","146.4500","8937629.0000","147.5000","148.7500","146.3500"
"2018/11/19","147.7300","8709192.0000","146.4300","148.4400","146.3700"
"2018/11/16","145.9900","7971861.0000","144.7100","146.7400","144.5500"
"2018/11/15","144.5000","6657825.0000","143.4100","144.5100","142.4800"
"2018/11/14","144.2500","6426460.0000","145.0200","145.3100","143.5600"
"2018/11/13","144.6800","7318120.0000","146.1900","146.7500","143.4200"
"2018/11/12","145.6200","7007089.0000","144.9900","146.2400","144.7300"
"2018/11/09","145.3400","5343128.0000","145.0400","145.7400","144.3800"
"2018/11/08","145.3000","5440152.0000","144.3100","145.7921","144.0000"
"2018/11/07","144.7500","6986137.0000","143.1000","144.8735","142.9700"
"2018/11/06","142.5700","5797605.0000","141.5300","142.8300","141.0600"
"2018/11/05","142.2000","5581312.0000","141.0000","142.7400","139.0000"
"2018/11/02","140.6800","7645374.0000","141.9700","142.0000","139.6600"
"2018/11/01","140.8200","6572666.0000","140.0700","141.5800","139.8500"
"2018/10/31","139.9900","9950798.0000","141.0000","141.4300","139.6100"
"2018/10/30","140.7500","9625421.0000","137.9300","141.1000","137.0000"
"2018/10/29","137.5500","6762493.0000","136.9900","139.1000","136.2200"
"2018/10/26","136.9700","11365750.0000","137.9400","139.3000","135.3300"
"2018/10/25","138.4700","9692758.0000","137.4600","139.0900","135.0500"
"2018/10/24","137.4700","8136686.0000","138.5200","140.1100","137.1700"
"2018/10/23","138.9300","8282673.0000","137.7900","139.4900","137.4500"
"2018/10/22","138.6800","4637393.0000","138.6100","139.2600","138.1400"
"2018/10/19","139.0500","5745483.0000","138.3400","140.0000","137.9100"
"2018/10/18","139.5000","7296212.0000","139.2000","139.8100","137.7100"
"2018/10/17","139.4600","8092183.0000","136.2300","140.0000","136.2100"
"2018/10/16","136.5600","9327013.0000","134.7500","137.9900","134.7500"
"2018/10/15","133.9500","6377165.0000","133.8800","135.3000","133.5100"
"2018/10/12","133.8700","6853987.0000","134.4000","134.4100","132.2300"
"2018/10/11","133.8400","11589230.0000","137.9100","138.6600","132.8800"
"2018/10/10","137.7300","6702824.0000","139.3500","140.4600","137.7300"
"2018/10/09","139.2000","4474698.0000","138.7400","139.6200","137.8100"
"2018/10/08","139.3900","4458531.0000","138.9000","139.6800","138.6200"
"2018/10/05","139.1000","4308720.0000","139.8000","140.2500","138.5600"
"2018/10/04","139.3500","4626908.0000","138.5500","139.5300","137.3200"
"2018/10/03","139.0300","5134538.0000","140.5400","141.2700","138.8800"
"2018/10/02","140.4800","5920004.0000","139.7900","140.7300","139.6500"
"2018/10/01","139.6900","4839384.0000","138.2600","139.8500","138.0000"
"2018/09/28","138.1700","5801928.0000","138.1000","138.5600","137.4100"
"2018/09/27","138.2200","6392637.0000","138.4500","139.5786","137.5700"
"2018/09/26","138.1600","6967068.0000","138.9500","140.0000","137.9600"
"2018/09/25","138.6400","7716268.0000","140.5300","140.9600","138.4000"
"2018/09/24","140.4700","6677846.0000","142.1000","142.5000","140.2300"
"2018/09/21","142.8800","13099350.0000","142.1800","143.1300","141.6900"
"2018/09/20","141.9800","4995902.0000","140.8200","142.1400","140.5100"
"2018/09/19","140.4600","5049188.0000","140.7600","140.9900","140.0500"
"2018/09/18","140.5400","4563751.0000","140.2700","140.8400","139.8300"
"2018/09/17","139.9600","5144209.0000","139.3300","140.4000","139.1800"
"2018/09/14","139.4900","4322968.0000","140.0000","140.3500","139.1000"
"2018/09/13","139.8900","6111004.0000","139.8900","140.4800","139.0200"
"2018/09/12","139.3600","6744443.0000","138.9000","139.9900","138.5600"
"2018/09/11","138.5100","7834011.0000","137.6400","138.9100","137.2200"
"2018/09/10","137.2100","4794313.0000","137.5300","138.4716","137.0600"
"2018/09/07","137.3200","6374329.0000","136.7800","137.6900","135.7450"
"2018/09/06","136.8700","6556556.0000","135.5000","137.3100","135.1800"
"2018/09/05","135.8600","6174811.0000","133.4800","135.9400","133.4600"
"2018/09/04","133.7200","4406324.0000","134.6900","134.7500","133.4400"
"2018/08/31","134.6900","6130260.0000","134.6000","135.0000","133.9700"
"2018/08/30","134.9500","4821940.0000","134.7000","135.6000","134.6000"
"2018/08/29","134.8600","4648614.0000","134.3200","134.9440","133.9400"
"2018/08/28","134.3200","6037014.0000","134.7800","134.9000","133.8900"
"2018/08/27","134.9200","4325876.0000","135.5000","136.0500","134.2100"
"2018/08/24","135.9500","4809388.0000","135.1100","136.1464","134.8300"
"2018/08/23","135.1100","5055783.0000","134.6100","135.4900","134.1000"
"2018/08/22","134.6100","4688412.0000","135.5600","135.6800","134.4200"
"2018/08/21","135.3500","5826363.0000","137.0000","137.4300","135.3000"
"2018/08/20","136.8800","7875831.0000","134.9300","137.1200","134.0000"
"2018/08/17","134.4700","6698662.0000","132.4500","135.0000","132.1900"
"2018/08/16","132.4800","7788872.0000","131.0200","132.8800","130.5700"
"2018/08/15","130.4300","5346519.0000","129.7500","130.7400","128.9300"
"2018/08/14","129.5000","4514231.0000","129.6700","130.4700","129.3500"
"2018/08/13","130.2200","3760818.0000","130.7200","130.9000","129.8500"
"2018/08/10","130.7500","4321842.0000","131.1900","131.6300","130.2600"
"2018/08/09","131.2000","3849559.0000","131.5400","131.7200","130.6700"
"2018/08/08","131.1700","3721547.0000","131.4900","131.8000","130.8900"
"2018/08/07","131.4600","4626774.0000","131.8800","132.1700","131.3000"
"2018/08/06","132.0200","5840034.0000","131.6400","132.5300","131.0100"
"2018/08/03","131.9500","6498713.0000","131.1800","132.7000","130.9000"
"2018/08/02","131.2500","6563338.0000","132.8900","133.0000","131.0900"
"2018/08/01","132.6400","5770410.0000","132.3900","132.9600","132.0800"
"2018/07/31","132.5200","7556829.0000","132.2800","132.6400","131.7700"
"2018/07/30","132.1700","11012580.0000","131.7800","132.4900","131.2500"
"2018/07/27","131.5500","6620170.0000","129.9800","132.2700","129.9400"
"2018/07/26","130.2800","7638927.0000","129.9000","131.2200","129.8500"
"2018/07/25","128.6200","6522827.0000","129.1400","129.2300","127.6500"
"2018/07/24","129.3600","7158631.0000","127.2400","129.6200","127.1500"
"2018/07/23","126.6300","4425883.0000","125.7500","126.6800","125.4500"
"2018/07/20","125.8500","5835531.0000","125.3000","126.1400","125.1200"
"2018/07/19","125.9400","5903095.0000","127.5300","127.7000","125.8700"
"2018/07/18","127.8000","6991560.0000","128.8100","129.0500","127.1700"
"2018/07/17","129.1100","12849710.0000","128.5300","130.5400","127.5638"
"2018/07/16","124.6900","7311339.0000","126.0000","126.1000","124.1600"
"2018/07/13","125.9300","8236247.0000","125.3200","127.5000","125.3200"
"2018/07/12","127.7600","6167397.0000","127.7100","128.2100","127.1700"
"2018/07/11","126.2400","4815507.0000","127.4100","127.4401","126.0600"
"2018/07/10","127.3800","5069308.0000","126.3700","127.5200","126.1100"
"2018/07/09","126.0500","6702093.0000","126.2200","126.7500","125.6000"
"2018/07/06","125.7500","7297581.0000","125.1600","125.9200","124.6100"
"2018/07/05","125.0000","7314204.0000","123.6000","125.1200","123.2300"
"2018/07/03","122.7100","4248060.0000","121.6500","123.4600","121.2600"
"2018/07/02","121.5800","5362766.0000","121.3400","121.7300","120.1100"
"2018/06/29","121.3400","7308698.0000","122.2400","123.1800","121.1900"
"2018/06/28","122.0000","5296030.0000","121.7800","122.4100","121.0700"
"2018/06/27","121.6100","5665840.0000","122.1300","122.9700","121.4527"
"2018/06/26","122.3500","5492642.0000","122.4900","122.8900","121.6000"
"2018/06/25","122.5900","8084394.0000","122.8200","123.4300","121.5100"
"2018/06/22","122.8400","10231590.0000","121.6800","123.3800","121.6500"
"2018/06/21","121.4500","4417134.0000","121.8300","122.2400","121.1100"
"2018/06/20","122.0400","6275329.0000","122.4200","122.6600","121.6600"
"2018/06/19","122.5700","8569090.0000","120.6600","123.1735","120.5700"
"2018/06/18","121.3200","6783598.0000","121.6100","121.8125","120.2500"
"2018/06/15","122.6100","13172950.0000","122.1000","122.7285","121.2401"
"2018/06/14","122.4100","5238722.0000","122.7100","123.1500","122.0900"
"2018/06/13","122.6300","5689761.0000","123.1500","124.0900","122.4600"
"2018/06/12","122.5400","5207920.0000","123.1600","123.1800","121.9500"
"2018/06/11","122.6600","5502245.0000","124.2700","124.3400","122.5500"
"2018/06/08","124.0600","6207388.0000","123.3600","124.8450","123.3300"
"2018/06/07","123.3300","7412738.0000","123.0000","123.4900","122.2700"
"2018/06/06","122.7900","6798091.0000","121.9700","122.7900","121.4616"
"2018/06/05","121.4800","5123041.0000","122.0500","122.5550","120.9000"
"2018/06/04","121.9500","4851726.0000","121.8500","122.3700","121.0200"
"2018/06/01","121.2600","5740366.0000","120.3800","121.3200","119.9700"
"2018/05/31","119.6200","10335900.0000","120.9200","121.2500","119.5400"
"2018/05/30","120.9700","6422574.0000","120.1200","121.5800","119.5400"
"2018/05/29","119.4000","9820181.0000","120.5000","120.8000","118.6210"
"2018/05/25","121.4700","4594738.0000","121.5600","122.8000","121.1300"
"2018/05/24","122.2500","6920528.0000","123.2200","123.3900","121.5500"
"2018/05/23","123.4500","4930681.0000","122.8700","123.9700","122.7400"
"2018/05/22","122.9100","7170167.0000","123.8000","124.2400","122.7600"
"2018/05/21","123.7200","5550196.0000","124.6200","124.9900","123.3200"
"2018/05/18","124.2400","5432512.0000","123.7800","124.4400","123.2800"
"2018/05/17","123.8500","6452206.0000","125.4900","125.5900","123.5500"
"2018/05/16","125.3500","3802599.0000","125.4400","125.9000","125.0000"
"2018/05/15","125.1300","5874364.0000","125.5400","125.8300","124.4000"
"2018/05/14","126.0600","6101624.0000","127.3500","127.6100","125.6000"
"2018/05/11","127.2400","5716461.0000","125.7700","127.6000","125.7600"
"2018/05/10","125.3500","4947698.0000","124.2200","126.0500","123.9950"
"2018/05/09","123.5100","6807684.0000","122.9900","124.0500","122.5300"
"2018/05/08","122.6100","5942045.0000","122.8600","123.4900","121.6900"
"2018/05/07","123.5900","6710686.0000","124.1400","125.2400","123.3200"
"2018/05/04","124.1900","6125068.0000","122.6000","124.5100","121.8000"
"2018/05/03","123.0300","7282779.0000","123.3000","123.6850","121.2800"
"2018/05/02","123.5000","7317397.0000","125.5200","126.1800","123.2000"
"2018/05/01","126.0100","5122215.0000","126.3200","126.6400","124.9700"
"2018/04/30","126.4900","8217766.0000","128.8600","128.9800","126.4900"
"2018/04/27","128.2700","4266651.0000","127.7300","128.7900","127.5000"
"2018/04/26","128.0100","8072369.0000","126.6200","129.2200","126.6200"
"2018/04/25","126.7600","5841729.0000","125.9100","126.8500","125.2800"
"2018/04/24","126.1900","6577044.0000","126.9400","127.4600","125.3100"
"2018/04/23","126.8300","7375899.0000","126.8800","127.3000","125.7800"
"2018/04/20","126.6600","7742356.0000","128.0000","128.3000","126.1700"
"2018/04/19","127.5500","5892891.0000","127.6300","128.2700","126.8875"
"2018/04/18","127.7200","9381341.0000","129.6900","129.9000","126.9400"
"2018/04/17","130.5400","11002620.0000","132.1100","132.2000","128.8100"
"2018/04/16","131.7600","6371955.0000","131.4100","132.8800","131.2800"
"2018/04/13","130.6200","4741975.0000","131.0900","131.4200","129.6300"
"2018/04/12","130.4300","4531503.0000","130.0900","131.3100","129.8600"
"2018/04/11","129.6300","4574560.0000","129.1400","130.3500","129.0300"
"2018/04/10","130.2500","6062936.0000","130.2500","130.9096","129.2900"
"2018/04/09","129.4800","6394732.0000","128.6500","131.1400","127.6800"
"2018/04/06","128.1000","6359695.0000","130.2200","130.6400","126.4100"
"2018/04/05","130.7100","5594740.0000","130.4100","131.2000","129.5000"
"2018/04/04","130.4100","7497536.0000","126.9000","131.1200","126.3900"
"2018/04/03","128.3500","8034690.0000","125.1800","128.4850","124.6800"
"2018/04/02","124.5600","8890864.0000","127.8200","127.8800","123.5400"
"2018/03/29","128.1500","6119424.0000","127.9700","128.7600","126.8200"
"2018/03/28","127.4500","6868531.0000","127.6300","129.0200","127.2100"
"2018/03/27","127.2100","7788761.0000","127.1100","129.1000","126.3900"
"2018/03/26","127.3900","8357935.0000","126.4100","127.5400","125.2100"
"2018/03/23","125.1000","8450246.0000","127.6300","127.8700","124.9000"
"2018/03/22","127.3800","7551409.0000","130.4700","130.6800","127.1000"
"2018/03/21","131.1900","5152954.0000","131.4000","132.7800","130.6600"
"2018/03/20","131.2100","6214209.0000","130.7800","131.7800","129.3800"
"2018/03/19","130.2400","5987591.0000","133.3500","133.4700","129.3600"
"2018/03/16","133.6800","14232980.0000","133.1600","134.4000","132.1000"
"2018/03/15","133.0600","6147108.0000","132.5500","134.2400","132.4700"
"2018/03/14","132.3200","6770089.0000","135.2400","135.7000","131.9000"
"2018/03/13","134.3500","9148962.0000","133.8000","135.3900","133.4500"
"2018/03/12","132.6300","4941896.0000","133.8000","134.2300","132.3200"
"2018/03/09","133.8000","7259408.0000","132.5100","133.8200","131.5600"
"2018/03/08","132.0600","6888710.0000","129.3300","132.3000","129.3300"
"2018/03/07","129.0400","6389910.0000","127.4800","129.3300","127.2700"
"2018/03/06","128.2200","5541885.0000","130.0000","130.2000","127.9200"
"2018/03/05","129.7900","5799756.0000","128.6300","130.3000","128.1800"
"2018/03/02","128.8200","6908551.0000","126.9100","129.1100","126.9100"
"2018/03/01","127.2800","9252401.0000","129.1100","130.1200","126.5200"
"2018/02/28","129.8800","7983393.0000","131.9500","132.3300","129.8700"
"2018/02/27","131.6700","7101343.0000","132.2100","133.0900","131.6000"
"2018/02/26","132.0700","6683112.0000","131.7100","133.4055","131.0000"
"2018/02/23","132.0200","5120872.0000","130.0900","132.0800","130.0200"
"2018/02/22","129.9100","5731881.0000","130.1000","131.0200","129.4800"
"2018/02/21","129.9100","6568365.0000","130.8000","132.4348","129.8600"
"2018/02/20","130.8700","6562691.0000","132.8700","133.4500","130.6600"
"2018/02/16","133.1500","7965393.0000","130.9600","134.4500","130.8400"
"2018/02/15","131.2300","5594496.0000","130.1000","131.2800","129.4000"
"2018/02/14","129.6700","6259257.0000","129.4400","130.0150","128.3900"
"2018/02/13","129.9600","6335714.0000","129.2100","130.6000","128.7000"
"2018/02/12","130.2700","9963731.0000","130.0000","131.3200","127.6755"
"2018/02/09","129.5300","14962250.0000","127.5200","130.9200","125.4400"
"2018/02/08","126.3600","11673810.0000","130.9100","131.2500","126.1100"
"2018/02/07","131.4200","10517770.0000","131.8900","133.4300","131.3500"
"2018/02/06","131.8300","19168620.0000","130.0100","132.9900","128.0000"
"2018/02/05","130.3900","19559500.0000","136.5800","137.0000","122.1500"
"2018/02/02","137.6800","9257577.0000","139.0200","140.3600","137.3800"
"2018/02/01","140.0200","9380896.0000","137.5300","140.6700","137.0000"
"2018/01/31","138.1900","13125620.0000","142.5700","142.5700","138.1000"
"2018/01/30","142.4300","8288638.0000","143.4000","143.8200","142.4300"
"2018/01/29","143.6800","8007882.0000","144.8500","144.9400","143.5300"
"2018/01/26","145.3300","7590128.0000","144.5000","145.6000","144.1300"
"2018/01/25","144.4000","7926925.0000","142.3100","144.6600","142.2105"
"2018/01/24","142.0700","12456280.0000","143.5000","143.5600","141.8000"
"2018/01/23","141.8300","17387940.0000","146.9600","147.4400","141.6200"
"2018/01/22","148.1400","6936948.0000","147.0100","148.1400","146.7200"
"2018/01/19","147.3600","8705833.0000","147.4600","147.6500","146.4200"
"2018/01/18","146.9200","5553288.0000","146.9300","147.4400","145.9700"
"2018/01/17","146.9800","10619510.0000","147.8400","148.3200","145.4800"
"2018/01/16","146.8600","7865458.0000","146.4200","148.0600","146.0300"
"2018/01/12","145.7600","5450265.0000","144.9900","146.4200","144.9000"
"2018/01/11","144.7900","4962043.0000","144.1300","144.9000","143.6900"
"2018/01/10","143.9700","6558622.0000","143.5500","144.1550","143.3200"
"2018/01/09","144.1400","8893371.0000","142.3700","145.6800","142.2600"
"2018/01/08","141.8900","5129754.0000","141.7000","142.0000","140.9200"
"2018/01/05","141.7100","6157144.0000","140.6900","141.8200","140.2810"
"2018/01/04","140.5500","4837047.0000","140.4500","141.1400","140.2200"
"2018/01/03","140.5600","5243114.0000","139.3600","140.6800","138.9000"
"2018/01/02","139.2300","6841910.0000","139.6600","139.9500","138.7200"
"2017/12/29","139.7200","4452674.0000","140.9800","141.2074","139.5800"
"2017/12/28","140.5600","2484927.0000","140.7000","141.0000","140.3300"
"2017/12/27","140.5700","3753579.0000","140.4200","141.1500","140.2000"
"2017/12/26","140.0900","3271050.0000","140.4600","140.5400","139.6800"
"2017/12/22","140.1200","4665582.0000","141.0000","141.3500","140.0400"
"2017/12/21","141.0600","5863130.0000","141.5900","142.1700","141.0200"
"2017/12/20","141.1600","5955152.0000","142.2600","142.5800","141.0800"
"2017/12/19","141.7800","6573080.0000","141.8900","142.3800","141.3600"
"2017/12/18","141.8000","5833146.0000","142.5600","143.8000","141.4010"
"2017/12/15","142.4600","12516470.0000","142.4800","143.1400","141.7800"
"2017/12/14","141.6500","5334000.0000","143.5200","143.6200","141.6100"
"2017/12/13","142.8900","6118375.0000","142.5000","143.4300","142.2100"
"2017/12/12","142.6000","8016720.0000","142.0600","143.5700","142.0400"
"2017/12/11","141.1400","4358269.0000","140.1000","141.1700","139.8300"
"2017/12/08","140.5900","4400597.0000","140.0000","140.7600","139.8000"
"2017/12/07","140.0100","4713146.0000","141.0000","141.4990","139.2600"
"2017/12/06","141.0600","5309744.0000","140.2500","141.9600","140.1900"
"2017/12/05","139.6700","6745123.0000","139.8800","140.8100","139.2000"
"2017/12/04","139.0100","5916532.0000","140.6200","141.5000","138.9300"
"2017/12/01","139.9800","5986547.0000","139.5700","140.5300","138.6000"
"2017/11/30","139.3300","8941891.0000","140.0600","140.2800","138.4800"
"2017/11/29","139.8100","5849832.0000","140.2200","140.6300","138.9500"
"2017/11/28","140.0200","5052471.0000","138.3000","140.5300","138.2517"
"2017/11/27","138.1000","3933046.0000","137.5100","138.3100","137.4800"
"2017/11/24","138.0100","2606832.0000","137.5000","138.3800","137.3100"
"2017/11/22","137.2900","3917359.0000","138.3000","138.3800","136.6000"
"2017/11/21","138.3400","5656820.0000","138.4500","139.2600","138.1900"
"2017/11/20","137.9300","4265654.0000","138.1500","138.5600","137.7400"
"2017/11/17","138.0000","4126085.0000","138.3000","138.8600","137.8900"
"2017/11/16","138.8700","4174302.0000","139.4200","139.6800","138.6400"
"2017/11/15","139.1000","3743866.0000","139.2300","139.8300","138.7500"
"2017/11/14","139.4900","4078193.0000","139.5700","140.2843","138.9200"
"2017/11/13","139.7600","4322275.0000","139.0100","140.0200","138.4200"
"2017/11/10","139.5600","4240286.0000","140.1300","140.1300","138.6100"
"2017/11/09","140.3500","3516662.0000","140.8600","141.4100","139.8000"
"2017/11/08","141.3200","4440694.0000","139.7000","141.8700","139.4601"
"2017/11/07","139.7700","4194070.0000","140.0800","140.1500","138.9100"
"2017/11/06","139.7600","4220629.0000","140.0100","140.4900","139.7200"
"2017/11/03","140.0800","2736651.0000","139.7300","140.4000","139.3000"
"2017/11/02","139.9300","3493520.0000","140.1100","140.2900","139.1100"
"2017/11/01","139.9800","5006301.0000","139.8300","140.5900","139.3400"
"2017/10/31","139.4100","4825995.0000","140.0200","140.2600","138.9800"
"2017/10/30","140.0000","6034336.0000","141.0800","141.2100","139.3200"
"2017/10/27","141.7800","5140589.0000","141.0000","142.7000","140.2000"
"2017/10/26","141.8100","5839327.0000","142.5100","143.7500","141.3800"
"2017/10/25","142.3600","6563480.0000","141.1600","143.2300","140.9594"
"2017/10/24","141.6400","6533349.0000","143.3800","143.3800","140.9300"
"2017/10/23","143.6200","6685083.0000","142.1300","144.3523","142.0810"
"2017/10/20","142.4000","5634523.0000","142.3800","143.6200","141.8300"
"2017/10/19","142.0400","9180957.0000","140.7100","142.9800","140.5350"
"2017/10/18","140.6800","6823119.0000","140.7900","141.5800","140.0700"
"2017/10/17","140.7900","11597750.0000","137.6700","141.1200","137.0600"
"2017/10/16","136.1200","5119364.0000","136.4500","137.2600","135.5400"
"2017/10/13","136.4300","4106431.0000","136.6000","137.4200","136.3400"
"2017/10/12","136.8300","5311047.0000","136.3400","137.5200","136.0200"
"2017/10/11","136.6500","8268128.0000","134.8800","137.0800","134.3700"
"2017/10/10","133.9000","4184558.0000","133.5600","134.1300","132.9200"
"2017/10/09","133.4500","3750978.0000","133.6600","133.8150","133.1700"
"2017/10/06","133.2200","2469471.0000","133.0000","133.2500","132.4800"
"2017/10/05","133.1900","3740875.0000","132.8900","133.3100","132.3600"
"2017/10/04","132.8900","3586327.0000","132.4000","133.1800","132.1000"
"2017/10/03","132.1000","3900754.0000","131.6500","132.4000","131.3600"
"2017/10/02","131.2200","4483751.0000","130.1600","131.3300","130.0200"
"2017/09/29","130.0100","5700701.0000","129.5800","130.4700","129.0500"
"2017/09/28","129.4700","3992032.0000","129.9100","130.2700","129.2900"
"2017/09/27","129.7500","5781672.0000","131.0000","131.0900","129.4300"
"2017/09/26","130.9400","3692728.0000","131.5000","131.9400","130.8200"
"2017/09/25","131.1700","6017418.0000","131.4700","131.7600","130.8300"
"2017/09/22","131.3900","4332430.0000","131.9900","132.3900","131.2701"
"2017/09/21","131.7500","6026614.0000","133.3100","133.8200","131.3775"
"2017/09/20","133.2200","7542845.0000","133.2500","134.2900","132.3400"
"2017/09/19","135.2200","4900976.0000","135.0200","135.7900","134.3500"
"2017/09/18","135.3800","5261393.0000","134.4400","135.7700","134.1100"
"2017/09/15","134.4500","15508590.0000","134.7900","135.4500","134.1800"
"2017/09/14","134.1800","6273788.0000","132.1400","134.4700","131.9900"
"2017/09/13","132.4500","4677048.0000","132.6700","133.7467","131.8500"
"2017/09/12","132.6300","5468924.0000","133.8300","133.8800","131.9300"
"2017/09/11","133.2100","5715415.0000","131.3700","133.3400","131.0200"
"2017/09/08","130.9800","4854414.0000","132.0000","132.3400","130.8700"
"2017/09/07","132.1900","3800199.0000","130.8600","132.5200","130.2500"
"2017/09/06","130.6700","5599937.0000","130.5400","131.0000","130.2100"
"2017/09/05","129.9000","5148145.0000","130.7200","131.1800","129.7200"
"2017/09/01","131.0300","3820314.0000","132.6000","132.6500","130.9350"
"2017/08/31","132.3700","7407073.0000","131.3900","132.5000","131.2500"
"2017/08/30","131.0700","5426760.0000","132.0000","132.0000","130.9000"
"2017/08/29","132.2100","3277861.0000","131.5700","132.4500","131.3000"
"2017/08/28","131.7400","5348181.0000","131.6800","132.1200","131.4900"
"2017/08/25","131.6800","4131779.0000","131.9100","132.5600","131.6200"
"2017/08/24","132.8900","5398132.0000","132.8200","133.0800","132.2700"
"2017/08/23","132.8000","5126588.0000","134.4300","134.4900","132.6500"
"2017/08/22","134.7000","4147259.0000","133.2700","134.7900","132.9000"
"2017/08/21","133.4500","4534446.0000","132.2800","133.6500","132.1875"
"2017/08/18","132.6300","4661580.0000","132.6700","133.7800","132.3810"
"2017/08/17","133.0400","5547902.0000","134.1800","134.7400","133.0314"
"2017/08/16","134.1700","4469862.0000","134.0800","134.9700","133.8600"
"2017/08/15","133.3800","3931758.0000","133.8500","133.9400","133.1950"
"2017/08/14","133.4800","3040989.0000","134.2000","134.3700","132.8700"
"2017/08/11","133.1000","4270571.0000","133.6400","134.4900","132.7500"
"2017/08/10","133.0900","5607311.0000","133.0400","133.8501","132.3700"
"2017/08/09","133.2300","6332347.0000","132.8100","133.4100","132.3650"
"2017/08/08","132.2700","5514561.0000","132.5000","132.8000","131.4000"
"2017/08/07","132.8600","3010654.0000","133.0900","133.4800","132.5100"
"2017/08/04","133.1800","3190320.0000","133.7400","134.0100","132.8000"
"2017/08/03","133.3500","4327164.0000","131.9100","133.4000","131.5100"
"2017/08/02","132.1600","4029293.0000","132.0800","132.5000","131.5000"
"2017/08/01","132.5100","3823335.0000","133.1700","133.3500","132.2800"
"2017/07/31","132.7200","5440751.0000","132.1400","133.5800","132.1000"
"2017/07/28","131.8500","4689777.0000","131.1400","131.9900","130.5200"
"2017/07/27","130.8300","5838020.0000","130.8500","131.1500","129.5711"
"2017/07/26","130.9500","5381100.0000","131.6600","132.2400","130.7500"
"2017/07/25","131.8800","6256493.0000","133.7400","133.8499","131.4500"
"2017/07/24","133.0100","8244387.0000","134.9900","135.1600","132.8500"
"2017/07/21","135.3100","6773409.0000","135.3300","136.2700","135.1000"
"2017/07/20","136.5700","6082586.0000","135.7300","137.0800","135.6200"
"2017/07/19","135.2100","5343284.0000","134.8400","135.4100","134.5200"
"2017/07/18","134.4600","10184290.0000","131.6200","134.9500","131.0801"
"2017/07/17","132.1500","4923634.0000","132.7100","132.9300","131.7500"
"2017/07/14","132.6000","4358202.0000","132.0000","133.0000","131.7400"
"2017/07/13","131.8600","4424392.0000","132.1000","132.2200","130.9900"
"2017/07/12","132.2300","5053093.0000","132.0400","132.8900","131.7700"
"2017/07/11","131.2300","3731521.0000","131.4300","131.7900","130.4800"
"2017/07/10","131.5500","4019415.0000","132.7400","132.8700","131.2300"
"2017/07/07","132.5400","4754373.0000","132.9100","133.0000","131.6900"
"2017/07/06","132.5200","4282214.0000","133.6100","133.9700","132.4050"
"2017/07/05","133.6400","4302661.0000","132.9800","134.0600","132.4200"
"2017/07/03","132.9000","2930998.0000","132.7900","133.3200","132.6500"
"2017/06/30","132.2900","5264066.0000","132.7000","133.2000","132.2800"
"2017/06/29","132.6400","5748322.0000","133.4000","133.7276","132.3100"
"2017/06/28","133.8200","6557758.0000","135.9500","136.2000","133.5700"
"2017/06/27","135.0100","6120001.0000","136.5000","136.7300","134.9900"
"2017/06/26","136.3400","5506369.0000","136.4800","136.8990","136.2000"
"2017/06/23","136.4300","8725772.0000","135.4500","136.5100","135.3200"
"2017/06/22","136.0500","7121981.0000","135.4500","137.0000","135.2700"
"2017/06/21","134.9100","5742634.0000","134.2900","135.1100","134.0200"
"2017/06/20","134.2200","5201124.0000","133.9000","134.7550","133.9000"
"2017/06/19","134.0700","7395744.0000","134.1500","134.6800","133.4900"
"2017/06/16","134.3500","12348830.0000","133.7200","134.6050","133.0400"
"2017/06/15","133.0400","5264953.0000","132.0000","133.3500","131.8050"
"2017/06/14","132.7700","7325276.0000","132.5100","133.5600","132.5100"
"2017/06/13","132.0200","5733699.0000","131.7500","132.7300","131.4000"
"2017/06/12","131.8200","8020733.0000","131.6400","132.0400","131.0900"
"2017/06/09","131.5300","5992981.0000","130.3700","131.7000","130.3100"
"2017/06/08","130.5500","8059640.0000","131.0000","131.4000","129.9600"
"2017/06/07","130.7500","5765471.0000","131.0000","131.4800","130.5800"
"2017/06/06","130.8300","5618977.0000","130.1800","131.3300","130.0300"
"2017/06/05","130.3600","4630663.0000","129.9700","130.7000","129.8000"
"2017/06/02","130.0800","6562127.0000","129.0500","130.1400","128.8300"
"2017/06/01","128.7800","5790898.0000","128.3200","128.7800","128.1200"
"2017/05/31","128.2500","8820874.0000","127.3500","128.8000","127.3500"
"2017/05/30","127.1100","3665304.0000","126.7000","127.3901","126.1900"
"2017/05/26","126.9200","4005009.0000","127.2300","127.6700","126.8300"
"2017/05/25","127.5300","5291963.0000","126.7400","127.6200","126.3300"
"2017/05/24","127.5100","3967529.0000","127.7900","128.0000","127.2900"
"2017/05/23","127.5200","3972921.0000","127.3100","128.1500","127.3100"
"2017/05/22","127.2600","4858159.0000","126.6300","127.6500","126.6300"
"2017/05/19","127.0000","6957165.0000","127.0300","127.3900","126.4400"
"2017/05/18","126.9700","6571153.0000","126.4600","127.8700","125.9600"
"2017/05/17","126.6700","6480085.0000","126.6000","127.8900","126.4500"
"2017/05/16","127.7700","7232051.0000","127.3400","128.3700","127.0600"
"2017/05/15","126.9900","9794254.0000","124.4100","127.3600","124.3300"
"2017/05/12","123.6400","4097060.0000","123.1100","124.1000","123.0100"
"2017/05/11","123.2000","4095572.0000","122.5000","123.2100","122.3400"
"2017/05/10","122.8100","4237412.0000","122.9100","123.0550","122.3800"
"2017/05/09","123.2100","3762470.0000","123.2300","123.4700","122.8800"
"2017/05/08","123.2500","3608928.0000","123.5300","123.8000","123.0200"
"2017/05/05","123.5100","4139294.0000","123.8000","123.8000","122.8600"
"2017/05/04","123.9500","3753198.0000","123.6900","123.9500","123.2300"
"2017/05/03","123.3300","3736277.0000","123.5900","123.7000","123.0400"
"2017/05/02","123.7000","4817604.0000","123.5200","123.7400","122.8900"
"2017/05/01","123.3400","4556359.0000","123.4000","123.7750","123.0000"
"2017/04/28","123.4700","4381739.0000","123.8500","123.9000","123.1300"
"2017/04/27","123.7400","4225165.0000","123.5800","124.3057","123.4000"
"2017/04/26","123.5100","5021739.0000","123.7900","124.2600","123.4800"
"2017/04/25","123.4300","5087104.0000","123.3400","123.7450","123.0100"
"2017/04/24","122.8900","5451446.0000","122.5200","123.2100","122.1500"
"2017/04/21","121.7600","6021266.0000","121.7800","122.0400","121.5400"
"2017/04/20","121.8700","6329935.0000","121.8600","122.1500","121.3500"
"2017/04/19","121.3700","6992934.0000","122.1000","122.2800","121.1100"
"2017/04/18","121.8200","13485220.0000","123.1800","123.3700","120.9500"
"2017/04/17","125.7200","5364067.0000","125.0200","125.8100","124.9300"
"2017/04/13","124.9900","5396329.0000","125.1300","125.6500","124.9600"
"2017/04/12","125.4000","5556451.0000","124.5400","125.4600","124.3600"
"2017/04/11","124.2200","4161382.0000","124.2600","124.7900","123.9500"
"2017/04/10","124.3400","4594187.0000","124.8700","124.9500","124.2300"
"2017/04/07","124.9200","3614838.0000","125.1200","125.4700","124.8300"
"2017/04/06","125.0500","4324381.0000","124.8500","125.4600","124.5000"
"2017/04/05","124.8000","5644609.0000","124.7200","125.6016","124.4100"
"2017/04/04","124.6800","5358383.0000","124.5100","124.7650","124.2200"
"2017/04/03","124.6900","4956497.0000","124.7300","125.3100","124.2829"
"2017/03/31","124.5500","5657510.0000","124.1100","124.8250","124.0300"
"2017/03/30","124.6600","4711589.0000","124.7400","125.4300","124.2800"
"2017/03/29","124.9200","3970484.0000","125.0500","125.3300","124.3600"
"2017/03/28","125.6600","5287426.0000","125.6200","125.7800","124.7800"
"2017/03/27","125.8000","5004273.0000","125.1600","126.1400","125.1500"
"2017/03/24","125.4800","6489792.0000","125.8600","126.3600","125.1300"
"2017/03/23","125.9000","8504865.0000","126.1000","127.0020","125.6600"
"2017/03/22","126.2600","10264430.0000","127.0500","127.6500","126.2100"
"2017/03/21","127.2500","7580185.0000","128.3800","128.4500","127.1400"
"2017/03/20","128.0700","5827478.0000","128.0400","128.4200","127.9700"
"2017/03/17","128.0600","13300760.0000","128.4500","128.9400","127.9500"
"2017/03/16","128.4600","7605720.0000","128.4400","128.7000","127.7700"
"2017/03/15","128.9600","8358693.0000","127.0500","129.0000","126.6000"
"2017/03/14","127.0500","7679697.0000","126.8600","127.7500","126.7700"
"2017/03/13","126.6800","7011289.0000","125.8300","126.9500","125.7900"
"2017/03/10","126.2100","7394931.0000","126.0400","126.4900","125.5400"
"2017/03/09","125.9500","8570092.0000","124.5800","126.2100","124.1700"
"2017/03/08","124.1000","7909551.0000","123.7500","124.6800","123.5000"
"2017/03/07","123.8300","6643988.0000","122.5800","124.4600","122.3900"
"2017/03/06","123.7100","6670613.0000","123.0100","124.4268","122.6000"
"2017/03/03","123.7900","5585401.0000","123.4100","123.9300","123.2300"
"2017/03/02","123.6300","6947181.0000","123.7500","124.3600","123.0200"
"2017/03/01","123.8600","9393865.0000","122.4900","124.4500","122.4200"
"2017/02/28","122.2100","8885422.0000","122.0100","122.6500","121.9400"
"2017/02/27","122.4000","5945993.0000","122.1300","122.8800","122.1033"
"2017/02/24","122.7300","10827470.0000","121.5000","122.7400","120.9000"
"2017/02/23","121.7000","9977400.0000","119.5200","121.9000","119.4800"
"2017/02/22","119.5200","5100873.0000","119.2800","119.7700","119.2500"
"2017/02/21","119.6600","8594948.0000","118.4000","119.8900","118.3200"
"2017/02/17","118.8600","8689766.0000","118.1900","118.9000","118.0500"
"2017/02/16","118.0800","7116860.0000","117.0000","118.2800","116.9950"
"2017/02/15","117.2000","5978352.0000","115.9000","117.4600","115.5900"
"2017/02/14","116.3600","5538935.0000","115.4400","116.4000","115.3200"
"2017/02/13","115.8800","5708370.0000","115.2800","116.1200","115.2200"
"2017/02/10","115.2400","6438530.0000","114.3200","115.9900","114.2300"
"2017/02/09","114.0800","5854484.0000","113.4700","114.6500","113.4000"
"2017/02/08","113.4000","5271595.0000","113.3000","113.6900","113.1500"
"2017/02/07","113.4800","5507884.0000","113.6000","113.6200","113.0500"
"2017/02/06","113.4000","6178403.0000","113.4600","113.5900","112.6200"
"2017/02/03","113.6400","7267561.0000","113.5000","113.6600","112.6600"
"2017/02/02","113.5700","7825354.0000","112.8200","113.6200","112.7700"
"2017/02/01","113.2300","7081008.0000","112.4800","113.3200","112.4700"
"2017/01/31","113.2500","8713170.0000","112.7900","113.4000","112.4300"
"2017/01/30","113.1300","6964226.0000","113.4000","113.6000","112.8500"
"2017/01/27","113.3800","8885852.0000","112.0000","113.5398","111.9000"
"2017/01/26","111.8400","10163060.0000","112.0000","112.8400","111.6000"
"2017/01/25","112.8000","9373419.0000","111.9300","112.8000","110.7600"
"2017/01/24","111.7600","12432170.0000","112.9100","113.3000","111.1500"
"2017/01/23","113.9100","7983810.0000","114.5100","114.7700","113.8000"
"2017/01/20","114.1500","7499223.0000","114.4900","115.0300","114.0800"
"2017/01/19","114.2000","5539459.0000","114.6800","114.9000","113.9200"
"2017/01/18","114.7000","5014568.0000","114.9400","115.1000","114.4100"
"2017/01/17","114.8700","6255415.0000","113.9400","115.0500","113.6700"
"2017/01/13","114.6000","4735022.0000","114.9400","115.0200","114.4400"
"2017/01/12","114.6200","6622687.0000","114.2700","114.7300","113.3700"
"2017/01/11","114.7300","8880478.0000","116.0800","116.2500","114.0200"
"2017/01/10","116.1600","5312768.0000","116.0300","117.0000","115.8700"
"2017/01/09","116.2800","5454115.0000","116.3500","116.6100","115.8900"
"2017/01/06","116.3000","5218381.0000","116.6700","117.0000","115.7600"
"2017/01/05","116.8600","5739435.0000","116.0000","116.9700","115.4401"
"2017/01/04","115.6500","5828492.0000","115.5000","116.2300","115.3100"
"2017/01/03","115.8400","5952734.0000","115.7800","116.0000","115.2300"
"2016/12/30","115.2100","5506726.0000","115.8000","115.9900","114.9750"
"2016/12/29","115.4900","2993588.0000","115.2300","115.8700","115.0100"
"2016/12/28","115.1000","3171943.0000","115.8800","116.1600","115.0500"
"2016/12/27","115.9100","3232914.0000","115.8900","116.0000","115.3800"
"2016/12/23","115.9600","2993283.0000","115.4000","116.3200","115.3000"
"2016/12/22","115.4400","4602124.0000","115.0000","115.5260","113.8800"
"2016/12/21","115.3100","5907736.0000","116.2000","116.2000","114.7400"
"2016/12/20","115.6600","5714945.0000","115.9800","116.2500","114.9100"
"2016/12/19","116.0200","6307348.0000","116.0700","116.6600","115.9400"
"2016/12/16","115.8800","11291110.0000","116.4100","116.4600","115.4600"
"2016/12/15","115.8900","6737431.0000","115.3300","115.9200","114.8900"
"2016/12/14","114.9900","9378073.0000","116.1200","117.3000","114.5800"
"2016/12/13","115.8900","6849757.0000","115.5300","115.9700","115.0100"
"2016/12/12","115.3600","9522630.0000","112.6900","115.4000","112.5800"
"2016/12/09","112.2600","7667549.0000","111.4100","112.4300","111.2000"
"2016/12/08","110.9900","7774760.0000","110.5400","111.1950","109.9300"
"2016/12/07","111.1000","11758630.0000","111.8900","111.8900","109.3200"
"2016/12/06","112.0600","6530150.0000","112.2400","113.2000","111.8500"
"2016/12/05","111.9400","5451514.0000","112.4000","112.4200","111.7300"
"2016/12/02","111.9600","6163516.0000","111.7200","112.5300","111.4400"
"2016/12/01","111.3800","8138568.0000","111.3600","111.5399","111.0000"
"2016/11/30","111.3000","11172470.0000","112.1900","112.5200","111.3000"
"2016/11/29","112.4800","7791426.0000","112.9500","113.4100","112.1650"
"2016/11/28","113.1300","9025809.0000","113.7900","114.1200","113.0500"
"2016/11/25","114.1300","3433340.0000","113.6000","114.2300","113.3800"
"2016/11/23","113.0700","8462726.0000","112.2500","113.4300","111.5600"
"2016/11/22","112.7400","11649450.0000","114.5900","115.0000","112.2700"
"2016/11/21","115.0000","5843009.0000","115.4400","115.6799","114.8000"
"2016/11/18","115.3600","7714342.0000","115.7900","115.9200","114.8100"
"2016/11/17","116.5700","5724608.0000","116.6800","116.6800","116.1200"
"2016/11/16","116.3600","6593499.0000","116.6500","116.7800","116.0800"
"2016/11/15","116.3200","7446648.0000","116.4000","116.6900","115.8200"
"2016/11/14","116.6000","10026630.0000","118.5800","118.9900","116.5000"
"2016/11/11","118.4700","8118577.0000","119.4900","119.4900","118.1300"
"2016/11/10","119.5400","11904270.0000","120.7700","121.1000","119.0200"
"2016/11/09","120.3100","16218520.0000","120.0000","122.5000","118.1000"
"2016/11/08","117.0500","6674915.0000","116.4800","117.5700","116.4700"
"2016/11/07","116.6600","6397553.0000","115.8900","116.7200","115.8400"
"2016/11/04","115.1100","7160568.0000","115.0400","115.9400","115.0400"
"2016/11/03","115.0300","6227010.0000","114.8800","115.4393","114.7500"
"2016/11/02","114.8600","6591283.0000","115.5200","115.7600","114.8300"
"2016/11/01","115.3400","7584930.0000","114.7600","115.9400","114.6300"
"2016/10/31","115.9900","8552218.0000","115.2800","116.2300","114.5000"
"2016/10/28","115.3300","8812952.0000","115.8200","115.9100","114.5700"
"2016/10/27","115.7000","7543980.0000","114.9800","116.5500","114.7900"
"2016/10/26","114.5600","6429053.0000","113.6400","115.2200","113.6000"
"2016/10/25","113.9600","5591160.0000","113.6400","114.1600","113.0930"
"2016/10/24","113.6100","6141630.0000","113.9300","114.1897","113.4400"
"2016/10/21","113.4400","8412849.0000","114.1100","114.2400","112.9900"
"2016/10/20","114.8700","6969184.0000","114.8300","115.7000","114.5900"
"2016/10/19","114.5900","7397689.0000","115.5700","115.8900","114.4600"
"2016/10/18","115.4100","12596660.0000","117.3800","118.4800","115.1600"
"2016/10/17","118.4900","6951063.0000","117.5000","118.5500","117.5000"
"2016/10/14","117.5600","5639841.0000","118.5000","118.8000","117.5600"
"2016/10/13","118.2600","7387365.0000","117.5400","119.2000","117.2800"
"2016/10/12","117.9700","4685998.0000","117.9600","118.4300","117.5000"
"2016/10/11","117.6400","6394153.0000","119.4100","119.6300","117.0600"
"2016/10/10","119.8000","3628341.0000","119.5100","120.1955","119.3500"
"2016/10/07","119.2400","4798331.0000","119.1700","119.5650","118.6900"
"2016/10/06","118.7500","4447824.0000","118.5000","118.8500","117.9200"
"2016/10/05","119.1800","5778614.0000","119.2200","119.4400","118.5950"
"2016/10/04","118.8200","5729753.0000","118.8400","119.4800","118.2800"
"2016/10/03","118.8100","6097487.0000","118.0000","119.0100","117.4300"
"2016/09/30","118.1300","7940863.0000","117.7800","118.6190","117.3900"
"2016/09/29","117.2700","6188019.0000","118.8800","119.2700","117.0434"
"2016/09/28","119.3900","5075789.0000","119.0500","119.5200","118.8100"
"2016/09/27","119.2200","5349409.0000","118.3900","119.2200","117.7200"
"2016/09/26","117.7800","5996021.0000","118.6300","118.6400","117.5600"
"2016/09/23","118.8100","4772976.0000","119.4100","119.6000","118.7100"
"2016/09/22","119.4600","5340374.0000","119.2500","119.8400","119.1400"
"2016/09/21","118.9100","6336207.0000","117.9500","119.0000","117.6400"
"2016/09/20","117.9500","5181473.0000","118.1700","118.2400","117.6900"
"2016/09/19","117.6600","5454828.0000","118.3600","118.6600","117.6400"
"2016/09/16","118.2500","12378670.0000","118.5100","119.1400","118.1200"
"2016/09/15","118.6300","5814688.0000","117.8100","118.9400","117.3200"
"2016/09/14","117.8600","6124892.0000","117.8500","118.3300","117.4600"
"2016/09/13","117.6100","7955087.0000","118.4200","118.8300","117.4900"
"2016/09/12","119.1600","7239663.0000","117.7600","119.4500","117.3800"
"2016/09/09","118.2300","7955193.0000","119.0300","119.1600","118.1800"
"2016/09/08","119.4700","4832110.0000","119.3700","119.8200","119.1400"
"2016/09/07","119.6100","4753283.0000","119.8400","119.9500","119.4350"
"2016/09/06","119.7500","5280652.0000","119.7800","119.9700","119.3600"
"2016/09/02","119.3200","5806115.0000","119.3600","119.8100","118.9000"
"2016/09/01","119.0800","4548565.0000","119.1900","119.3900","118.6000"
"2016/08/31","119.3400","5693081.0000","119.5400","119.6200","119.0100"
"2016/08/30","119.4700","3819488.0000","120.6700","120.6700","119.2550"
"2016/08/29","119.9200","5074712.0000","119.3000","120.1300","119.0550"
"2016/08/26","119.0400","6482381.0000","118.8400","119.7400","118.5600"
"2016/08/25","118.5700","5565946.0000","118.8600","119.2100","118.3300"
"2016/08/24","118.7100","6299780.0000","119.4800","119.6100","118.6200"
"2016/08/23","119.4400","5603175.0000","119.6700","119.9600","119.0200"
"2016/08/22","119.1300","6544845.0000","119.9000","119.9000","118.9500"
"2016/08/19","119.9200","7797193.0000","119.9100","119.9900","119.3200"
"2016/08/18","120.7200","8725074.0000","121.1700","121.3900","119.9000"
"2016/08/17","121.3100","10441740.0000","120.5000","121.3300","119.8500"
"2016/08/16","120.3300","11288150.0000","122.1100","122.3200","120.0600"
"2016/08/15","122.3100","6468668.0000","123.1200","123.2700","122.2800"
"2016/08/12","123.2200","4228614.0000","123.4700","123.7700","122.9500"
"2016/08/11","123.7700","4051957.0000","123.8500","124.1400","123.4700"
"2016/08/10","123.3600","4318877.0000","123.5900","123.7800","123.2400"
"2016/08/09","123.4300","3938588.0000","123.9100","124.0000","123.3300"
"2016/08/08","123.6500","5229124.0000","124.0000","124.1500","123.2300"
"2016/08/05","124.2400","5145265.0000","124.3800","124.3800","123.7600"
"2016/08/04","123.8600","4727435.0000","124.2400","124.3900","123.6400"
"2016/08/03","123.9000","5310341.0000","125.0000","125.0000","123.6900"
"2016/08/02","124.8500","7156799.0000","125.6500","125.9000","124.4760"
"2016/08/01","125.4000","4614619.0000","125.3100","125.7100","125.1000"
"2016/07/29","125.2300","6963628.0000","124.3400","125.3200","124.3400"
"2016/07/28","124.4600","4320313.0000","124.9800","125.0000","124.4100"
"2016/07/27","124.7700","4811531.0000","125.1000","125.2300","124.3400"
"2016/07/26","125.1500","5589857.0000","125.0250","125.5500","124.7500"
"2016/07/25","124.8900","4880457.0000","125.0700","125.1300","124.1400"
"2016/07/22","125.0300","5839185.0000","125.1200","125.3500","124.6450"
"2016/07/21","125.1500","5563835.0000","125.2100","125.7400","124.8900"
"2016/07/20","125.1400","7334543.0000","125.8400","126.0700","125.0400"
"2016/07/19","125.2500","11321840.0000","124.7800","125.7500","123.3400"
"2016/07/18","123.1400","6587575.0000","123.0000","123.2200","122.4400"
"2016/07/15","123.0000","7192535.0000","123.7700","124.3000","122.7100"
"2016/07/14","123.1800","5321715.0000","122.9800","123.7400","122.9100"
"2016/07/13","123.0000","5227938.0000","122.6800","123.4000","122.3000"
"2016/07/12","122.9200","6415767.0000","122.6500","123.2000","122.6100"
"2016/07/11","122.9300","6707659.0000","122.7100","123.4500","122.4100"
"2016/07/08","122.8500","6129351.0000","123.0000","123.1000","121.9600"
"2016/07/07","122.5100","6058470.0000","122.5900","122.8100","122.0100"
"2016/07/06","122.6400","9332344.0000","121.9300","122.6600","121.5400"
"2016/07/05","122.2700","9322055.0000","121.3600","123.2300","121.3400"
"2016/07/01","121.2900","7051257.0000","121.5400","121.5400","120.7900"
"2016/06/30","121.3000","11537200.0000","119.1800","121.4100","119.1601"
"2016/06/29","119.3300","8340085.0000","118.8400","119.4100","118.1000"
"2016/06/28","118.2300","10070980.0000","117.1700","118.3700","116.5500"
"2016/06/27","116.5500","10890560.0000","115.0000","116.6400","115.0000"
"2016/06/24","115.6300","13915580.0000","115.0700","117.1200","115.0000"
"2016/06/23","117.3800","6472270.0000","117.2000","117.3800","116.6800"
"2016/06/22","116.4600","5833746.0000","116.5400","117.2100","116.3101"
"2016/06/21","116.1800","5491476.0000","116.9900","117.1500","116.1800"
"2016/06/20","116.5400","5584277.0000","116.6000","117.1350","116.4297"
"2016/06/17","115.4800","10255580.0000","116.6200","116.6700","115.0100"
"2016/06/16","116.6400","6664815.0000","115.6900","116.8900","115.2200"
"2016/06/15","116.4100","6370379.0000","117.6400","117.7400","116.3350"
"2016/06/14","117.1200","6364715.0000","116.4500","117.1800","116.3000"
"2016/06/13","116.7900","7910783.0000","117.1300","117.6400","116.7900"
"2016/06/10","117.0100","6067228.0000","116.7400","117.2300","116.3600"
"2016/06/09","117.0000","7374973.0000","115.7800","117.1900","115.6100"
"2016/06/08","115.8000","5863774.0000","115.5200","115.9500","115.4100"
"2016/06/07","115.7300","6415155.0000","116.0100","116.2300","115.4500"
"2016/06/06","115.7700","6349658.0000","114.9700","116.0000","114.9301"
"2016/06/03","114.7600","6881326.0000","114.4700","115.3900","114.1150"
"2016/06/02","114.4900","7310541.0000","112.8700","114.6500","112.8600"
"2016/06/01","112.7800","4749063.0000","112.5700","113.0600","112.0700"
"2016/05/31","112.6900","10104450.0000","113.2600","113.6300","112.3200"
"2016/05/27","113.0600","4647024.0000","113.0400","113.3400","112.6900"
"2016/05/26","112.9000","3973423.0000","113.1100","113.3200","112.8500"
"2016/05/25","113.3500","5453765.0000","113.1800","113.7250","112.8500"
"2016/05/24","112.6900","6124557.0000","112.5200","113.5000","112.5200"
"2016/05/23","112.1600","6462021.0000","112.7700","112.8200","112.0400"
"2016/05/20","112.6400","7434391.0000","112.2000","112.9200","111.7600"
"2016/05/19","112.8500","8230019.0000","112.9900","113.0400","112.2000"
"2016/05/18","113.5900","8264352.0000","113.6100","114.0250","112.8800"
"2016/05/17","113.8300","9233659.0000","114.5400","114.5600","113.2400"
"2016/05/16","114.4400","6222612.0000","113.3900","114.6300","113.3100"
"2016/05/13","113.5600","6779795.0000","113.9000","114.0900","113.3600"
"2016/05/12","114.2300","7154163.0000","114.5000","114.7599","82.7600"
"2016/05/11","114.3700","6676999.0000","114.5700","114.7600","114.3100"
"2016/05/10","114.6700","8351637.0000","114.0000","115.0000","113.9200"
"2016/05/09","113.7200","6488507.0000","112.9800","113.9900","112.7300"
"2016/05/06","112.7400","6099837.0000","112.5800","113.0500","112.2750"
"2016/05/05","112.8800","5403239.0000","112.0800","113.1000","112.0400"
"2016/05/04","112.2200","5214547.0000","112.0400","112.5400","111.7000"
"2016/05/03","112.6900","7550689.0000","112.5600","113.1000","112.1200"
"2016/05/02","112.7500","5177120.0000","112.2200","112.7897","111.9300"
"2016/04/29","112.0800","7741017.0000","112.0600","112.2200","111.5100"
"2016/04/28","112.4800","6636246.0000","112.1000","112.7100","111.6400"
"2016/04/27","112.7700","5759237.0000","112.9600","113.2000","112.4600"
"2016/04/26","112.9100","5836288.0000","113.4500","113.5600","112.6500"
"2016/04/25","113.5100","6130597.0000","113.3100","113.5500","112.4800"
"2016/04/22","113.3200","7507290.0000","113.4300","113.7531","112.8280"
"2016/04/21","113.5700","7879219.0000","113.3100","113.7300","112.7700"
"2016/04/20","113.5800","8211879.0000","113.1900","114.1900","113.0500"
"2016/04/19","112.6800","10506850.0000","111.6500","113.9500","111.4800"
"2016/04/18","110.9300","7760676.0000","110.0000","111.1000","109.6700"
"2016/04/15","110.1800","10057870.0000","110.0700","110.4000","109.5000"
"2016/04/14","109.8400","4456564.0000","110.0000","110.2900","109.4500"
"2016/04/13","109.8700","5757108.0000","110.0000","110.3500","109.3100"
"2016/04/12","109.6000","8407381.0000","109.0000","110.2400","108.7500"
"2016/04/11","108.9700","6823770.0000","109.1500","109.6200","108.6500"
"2016/04/08","109.1000","6301532.0000","109.3700","109.6400","108.7600"
"2016/04/07","109.2700","7819420.0000","109.0000","109.6200","108.6300"
"2016/04/06","109.4200","6828692.0000","108.7200","109.5000","107.8800"
"2016/04/05","108.9500","7937907.0000","108.2300","109.8400","108.0050"
"2016/04/04","108.5900","10664120.0000","108.8200","109.1000","108.2600"
"2016/04/01","109.1900","9043031.0000","108.0000","109.2900","107.6900"
"2016/03/31","108.2000","8166872.0000","108.8600","108.9800","108.0400"
"2016/03/30","108.9800","5247870.0000","109.4500","109.5600","108.9300"
"2016/03/29","109.1400","6607387.0000","108.3000","109.2500","107.7400"
"2016/03/28","108.2300","4738060.0000","108.4100","108.9000","108.0600"
"2016/03/24","108.3100","6284202.0000","108.2200","108.6100","107.7500"
"2016/03/23","108.5000","8185635.0000","107.2900","108.8250","107.2000"
"2016/03/22","107.3800","7818193.0000","107.2800","107.6300","107.0500"
"2016/03/21","107.2800","7670682.0000","107.4100","107.7500","106.5500"
"2016/03/18","107.5000","14772900.0000","106.9900","107.8400","106.3600"
"2016/03/17","106.7400","8570810.0000","107.4700","107.6000","106.4500"
"2016/03/16","107.4100","7064380.0000","107.7300","107.7800","106.8750"
"2016/03/15","107.7600","8463719.0000","107.6200","108.3500","106.7600"
"2016/03/14","107.6600","7242754.0000","107.9200","108.3000","107.3100"
"2016/03/11","107.7100","7763358.0000","107.5000","107.9900","107.2100"
"2016/03/10","107.1400","10474750.0000","106.9900","107.4800","106.0700"
"2016/03/09","106.8400","7562429.0000","106.8400","107.0200","106.0900"
"2016/03/08","106.2200","7632880.0000","106.5200","106.7700","105.9650"
"2016/03/07","106.7400","6973441.0000","106.0000","106.9196","105.4900"
"2016/03/04","106.5000","6715568.0000","106.5100","106.9800","106.0700"
"2016/03/03","106.6500","6927153.0000","106.8200","107.0000","105.6300"
"2016/03/02","107.0400","9766877.0000","106.9100","107.4100","106.4300"
"2016/03/01","107.2200","8298269.0000","105.9000","107.2400","105.4400"
"2016/02/29","105.2100","10103370.0000","105.2800","106.2000","105.0400"
"2016/02/26","105.7800","9049427.0000","106.8200","106.9200","105.4200"
"2016/02/25","106.3800","8091872.0000","104.9500","106.3900","104.7700"
"2016/02/24","104.9600","9070667.0000","103.3400","105.0750","102.9700"
"2016/02/23","104.0800","6627940.0000","104.6500","104.7900","103.9600"
"2016/02/22","104.7500","6943694.0000","104.4400","104.7500","104.0500"
"2016/02/19","104.1600","9339765.0000","103.5800","104.6800","103.3800"
"2016/02/18","104.2400","10735010.0000","102.8300","104.6767","102.5000"
"2016/02/17","102.5000","8899896.0000","102.7500","103.2400","102.2300"
"2016/02/16","102.3200","10443240.0000","102.3700","103.0500","101.6500"
"2016/02/12","101.8200","9034807.0000","101.8200","101.9800","100.7200"
"2016/02/11","101.7000","12465480.0000","100.4600","102.0200","99.9800"
"2016/02/10","101.7300","9832924.0000","102.0500","102.9100","101.3684"
"2016/02/09","101.9700","10043040.0000","101.3100","102.2400","100.9725"
"2016/02/08","102.0000","14323650.0000","100.3100","103.5100","100.2200"
"2016/02/05","100.5400","15519970.0000","102.6600","102.7700","99.7800"
"2016/02/04","103.9000","10388990.0000","103.6100","104.0850","102.7300"
"2016/02/03","104.1400","10166300.0000","103.6500","104.3800","102.0100"
"2016/02/02","103.4100","10612180.0000","103.3000","104.2600","103.0000"
"2016/02/01","104.3700","9803463.0000","103.6100","104.7850","103.2200"
"2016/01/29","104.4400","15604870.0000","102.8900","104.7500","102.6300"
"2016/01/28","102.2700","12788420.0000","102.5000","103.0400","101.8500"
"2016/01/27","102.1600","19323780.0000","100.4900","103.3800","100.4900"
"2016/01/26","101.1800","17265110.0000","97.2600","101.3400","97.1350"
"2016/01/25","96.4000","9346031.0000","96.7200","97.6900","96.0400"
"2016/01/22","96.7500","8379933.0000","97.0200","97.0850","95.9500"
"2016/01/21","95.9400","11264980.0000","95.7700","96.6400","94.2800"
"2016/01/20","95.7500","12673260.0000","96.1100","97.2800","94.5300"
"2016/01/19","97.5000","12357720.0000","97.9300","98.4100","96.9000"
"2016/01/15","97.0000","12656590.0000","96.3700","98.0000","96.2500"
"2016/01/14","98.8900","10155870.0000","97.1000","99.4700","97.0000"
"2016/01/13","97.0200","8284663.0000","98.4900","98.9800","96.8400"
"2016/01/12","98.2400","6736471.0000","97.9900","98.6300","97.2400"
"2016/01/11","97.5700","8133488.0000","98.2400","98.6300","96.0800"
"2016/01/08","98.1600","9759288.0000","99.8800","99.9400","97.8500"
"2016/01/07","99.2200","9432182.0000","99.3100","100.0900","98.8800"
"2016/01/06","100.3900","7728704.0000","99.8200","100.9700","99.6000"
"2016/01/05","100.9000","6467210.0000","100.5800","101.4400","100.5700"
"2016/01/04","100.4800","12718740.0000","101.7100","101.8100","99.4500"
"2015/12/31","102.7200","4592495.0000","103.3700","103.6200","102.6900"
"2015/12/30","103.7800","3847219.0000","104.1100","104.3400","103.5300"
"2015/12/29","104.0300","4229973.0000","103.3400","104.1850","103.3400"
"2015/12/28","103.2200","4062947.0000","103.1800","103.4700","102.9250"
"2015/12/24","103.7200","2546278.0000","103.1200","103.9100","103.0100"
"2015/12/23","103.4900","5531563.0000","103.1100","103.6700","102.7400"
"2015/12/22","102.7100","5574382.0000","101.9100","102.8800","101.1500"
"2015/12/21","101.5800","8321937.0000","102.3400","102.9200","100.8500"
"2015/12/18","101.9500","14827670.0000","103.0800","103.0800","101.9500"
"2015/12/17","103.6400","8740632.0000","105.1600","105.2600","103.6300"
"2015/12/16","105.2500","8164502.0000","104.6400","105.4900","103.5200"
"2015/12/15","104.1300","9278269.0000","102.6500","104.6900","102.6500"
"2015/12/14","102.1500","10634160.0000","101.6450","102.2900","100.7800"
"2015/12/11","101.6800","7784307.0000","102.3700","102.3700","101.4300"
"2015/12/10","102.6400","6467344.0000","102.3000","103.3400","101.8000"
"2015/12/09","102.1500","7943864.0000","102.1400","103.3400","101.6700"
"2015/12/08","102.4200","8005228.0000","102.9800","103.2400","101.9103"
"2015/12/07","103.3200","7262911.0000","102.6100","103.4900","102.6000"
"2015/12/04","102.9500","7841202.0000","101.4000","103.0000","101.2800"
"2015/12/03","100.7900","12008730.0000","102.2700","102.3700","100.3100"
"2015/12/02","102.0500","6623500.0000","102.5000","102.9300","101.9900"
"2015/12/01","102.3600","7545982.0000","101.7300","102.4900","101.1200"
"2015/11/30","101.2400","8788967.0000","102.4800","102.4800","101.2400"
"2015/11/27","102.3700","2353779.0000","102.2800","102.6200","101.7900"
"2015/11/25","101.9600","5401228.0000","102.1700","102.3300","101.9600"
"2015/11/24","102.0400","7492381.0000","101.8100","102.7900","101.8100"
"2015/11/23","102.7700","6717911.0000","102.3900","103.0000","102.1900"
"2015/11/20","102.4800","7595464.0000","102.4900","102.8000","102.2000"
"2015/11/19","102.4900","5161454.0000","102.6600","102.6800","102.0600"
"2015/11/18","102.6700","7134599.0000","101.5300","102.8000","101.3100"
"2015/11/17","101.5000","5120241.0000","101.3400","101.7100","100.8800"
"2015/11/16","101.2200","5754304.0000","100.3800","101.2900","100.0400"
"2015/11/13","99.8800","8517022.0000","100.0400","100.9400","99.7400"
"2015/11/12","100.2700","6911742.0000","101.1400","101.6050","100.2200"
"2015/11/11","101.8600","6278355.0000","101.7800","102.3550","101.5000"
"2015/11/10","101.4500","5113804.0000","101.0000","101.7600","100.6800"
"2015/11/09","100.8400","6622305.0000","101.3900","101.5900","100.5500"
"2015/11/06","101.9200","6220878.0000","101.5700","101.9200","100.8600"
"2015/11/05","102.3300","6545545.0000","102.2500","102.4900","101.4200"
"2015/11/04","101.9400","5592279.0000","101.9000","102.3900","101.6900"
"2015/11/03","101.9600","6229002.0000","101.8400","102.3000","101.1100"
"2015/11/02","102.1700","6292873.0000","101.1800","102.3400","100.8400"
"2015/10/30","101.0300","10514570.0000","101.5300","102.1200","101.0100"
"2015/10/29","101.3700","6339462.0000","100.4700","101.5300","100.1200"
"2015/10/28","100.4800","7252871.0000","100.4500","100.4800","99.5000"
"2015/10/27","100.1900","8880554.0000","99.9200","100.9000","99.7000"
"2015/10/26","99.9400","7561530.0000","100.0500","100.2800","99.4900"
"2015/10/23","100.3100","9166544.0000","99.8800","100.8800","99.5300"
"2015/10/22","99.5300","9874342.0000","97.8500","99.8100","97.1300"
"2015/10/21","97.6300","7093295.0000","97.6400","98.2200","97.0700"
"2015/10/20","97.5900","6041685.0000","97.9500","98.2500","97.3100"
"2015/10/19","97.9400","8725230.0000","98.0500","98.2000","97.3100"
"2015/10/16","98.2400","9159855.0000","97.8700","98.3100","97.4000"
"2015/10/15","97.1500","9552449.0000","95.0000","97.3500","94.8600"
"2015/10/14","94.5300","8881850.0000","95.2100","95.9600","94.1200"
"2015/10/13","95.4500","12759090.0000","94.7900","96.2300","94.3100"
"2015/10/12","95.9900","8951828.0000","95.0700","96.4700","94.9800"
"2015/10/09","95.3700","8257971.0000","95.1400","95.9600","94.7775"
"2015/10/08","95.0800","7085844.0000","94.7100","95.1950","93.8100"
"2015/10/07","94.9800","9461194.0000","94.2600","95.4200","93.4400"
"2015/10/06","93.4200","8353571.0000","94.5200","94.6600","92.5800"
"2015/10/05","94.7600","9413928.0000","94.1900","94.8200","94.0750"
"2015/10/02","93.9300","8339070.0000","92.1400","93.9700","91.8400"
"2015/10/01","93.1700","9675937.0000","93.4300","93.8500","91.7600"
"2015/09/30","93.3500","10969900.0000","94.1300","94.4700","92.5900"
"2015/09/29","93.0400","11499950.0000","92.2400","93.8400","91.8300"
"2015/09/28","91.3700","14308120.0000","90.7000","92.0700","89.9000"
"2015/09/25","91.0000","10776420.0000","92.9300","93.1250","90.7600"
"2015/09/24","92.4800","7397756.0000","92.5200","92.9400","91.7750"
"2015/09/23","92.9900","5608070.0000","93.2100","93.7000","92.5600"
"2015/09/22","93.2400","10617370.0000","92.2600","93.4400","91.8799"
"2015/09/21","93.1300","7036952.0000","93.8700","94.6000","92.3700"
"2015/09/18","93.3900","14201010.0000","94.0800","94.7185","93.2500"
"2015/09/17","94.8400","8079443.0000","94.5300","96.1900","94.3200"
"2015/09/16","94.6100","5623649.0000","94.4900","94.8200","93.8200"
"2015/09/15","94.4000","7025137.0000","93.7900","94.7450","93.1900"
"2015/09/14","93.3200","7944009.0000","92.9000","93.9100","92.5100"
"2015/09/11","92.9300","7375188.0000","92.4400","93.0000","91.8000"
"2015/09/10","92.7200","8326216.0000","92.1100","93.4800","91.6150"
"2015/09/09","92.2200","7375730.0000","94.9900","95.1600","92.0300"
"2015/09/08","93.9400","11375930.0000","93.0900","93.9800","92.5100"
